Position,Name + ID,Name,ID,Roster Position,Salary,Game Info,TeamAbbrev,AvgPointsPerGame
WR,Davante Adams (15677315),Davante Adams,15677315,WR/FLEX,8800,MIN@GB 11/01/2020 01:00PM ET,GB,27.72
RB,Alvin Kamara (15677097),Alvin Kamara,15677097,RB/FLEX,8200,NO@CHI 11/01/2020 04:25PM ET,NO,28.9
QB,Patrick Mahomes (15677040),Patrick Mahomes,15677040,QB,8100,NYJ@KC 11/01/2020 01:00PM ET,KC,25.78
RB,Derrick Henry (15677099),Derrick Henry,15677099,RB/FLEX,8000,TEN@CIN 11/01/2020 01:00PM ET,TEN,22.57
QB,Russell Wilson (15677041),Russell Wilson,15677041,QB,7800,SF@SEA 11/01/2020 04:25PM ET,SEA,32.55
QB,Aaron Rodgers (15677042),Aaron Rodgers,15677042,QB,7600,MIN@GB 11/01/2020 01:00PM ET,GB,23.86
RB,Dalvin Cook (15677101),Dalvin Cook,15677101,RB/FLEX,7500,MIN@GB 11/01/2020 01:00PM ET,MIN,24.06
WR,DK Metcalf (15677317),DK Metcalf,15677317,WR/FLEX,7500,SF@SEA 11/01/2020 04:25PM ET,SEA,18.48
QB,Lamar Jackson (15677043),Lamar Jackson,15677043,QB,7400,PIT@BAL 11/01/2020 01:00PM ET,BAL,22
RB,Aaron Jones (15677103),Aaron Jones,15677103,RB/FLEX,7300,MIN@GB 11/01/2020 01:00PM ET,GB,23.6
WR,Michael Thomas (15677319),Michael Thomas,15677319,WR/FLEX,7300,NO@CHI 11/01/2020 04:25PM ET,NO,4.7
WR,Adam Thielen (15677321),Adam Thielen,15677321,WR/FLEX,7200,MIN@GB 11/01/2020 01:00PM ET,MIN,20.83
WR,Tyler Lockett (15677323),Tyler Lockett,15677323,WR/FLEX,7100,SF@SEA 11/01/2020 04:25PM ET,SEA,24.53
WR,Allen Robinson II (15677325),Allen Robinson II,15677325,WR/FLEX,7000,NO@CHI 11/01/2020 04:25PM ET,CHI,16.61
QB,Josh Allen (15677044),Josh Allen,15677044,QB,7000,NE@BUF 11/01/2020 01:00PM ET,BUF,26.73
TE,George Kittle (15677617),George Kittle,15677617,TE/FLEX,7000,SF@SEA 11/01/2020 04:25PM ET,SF,19.64
QB,Justin Herbert (15677045),Justin Herbert,15677045,QB,6900,LAC@DEN 11/01/2020 04:05PM ET,LAC,27.76
WR,A.J. Brown (15677327),A.J. Brown,15677327,WR/FLEX,6900,TEN@CIN 11/01/2020 01:00PM ET,TEN,20.8
RB,Kareem Hunt (15677105),Kareem Hunt,15677105,RB/FLEX,6900,LV@CLE 11/01/2020 01:00PM ET,CLE,16.41
QB,Ryan Tannehill (15677046),Ryan Tannehill,15677046,QB,6800,TEN@CIN 11/01/2020 01:00PM ET,TEN,23.97
WR,Stefon Diggs (15677329),Stefon Diggs,15677329,WR/FLEX,6800,NE@BUF 11/01/2020 01:00PM ET,BUF,19.33
WR,Tyreek Hill (15677331),Tyreek Hill,15677331,WR/FLEX,6700,NYJ@KC 11/01/2020 01:00PM ET,KC,16.61
RB,Jonathan Taylor (15677107),Jonathan Taylor,15677107,RB/FLEX,6600,IND@DET 11/01/2020 01:00PM ET,IND,14.98
WR,Kenny Golladay (15677333),Kenny Golladay,15677333,WR/FLEX,6600,IND@DET 11/01/2020 01:00PM ET,DET,17.95
QB,Ben Roethlisberger (15677047),Ben Roethlisberger,15677047,QB,6600,PIT@BAL 11/01/2020 01:00PM ET,PIT,18.57
WR,Tyler Boyd (15677335),Tyler Boyd,15677335,WR/FLEX,6600,TEN@CIN 11/01/2020 01:00PM ET,CIN,17.32
TE,Travis Kelce (15677619),Travis Kelce,15677619,TE/FLEX,6600,NYJ@KC 11/01/2020 01:00PM ET,KC,17.44
WR,Justin Jefferson (15677337),Justin Jefferson,15677337,WR/FLEX,6500,MIN@GB 11/01/2020 01:00PM ET,MIN,18.45
RB,Clyde Edwards-Helaire (15677109),Clyde Edwards-Helaire,15677109,RB/FLEX,6500,NYJ@KC 11/01/2020 01:00PM ET,KC,16.36
QB,Jared Goff (15677048),Jared Goff,15677048,QB,6500,LAR@MIA 11/01/2020 01:00PM ET,LAR,19.94
WR,Cooper Kupp (15677339),Cooper Kupp,15677339,WR/FLEX,6500,LAR@MIA 11/01/2020 01:00PM ET,LAR,13.71
QB,Matthew Stafford (15677049),Matthew Stafford,15677049,QB,6400,IND@DET 11/01/2020 01:00PM ET,DET,18.48
RB,James Conner (15677111),James Conner,15677111,RB/FLEX,6400,PIT@BAL 11/01/2020 01:00PM ET,PIT,17.38
RB,Nick Chubb (15677115),Nick Chubb,15677115,RB/FLEX,6400,LV@CLE 11/01/2020 01:00PM ET,CLE,16.8
RB,Raheem Mostert (15677113),Raheem Mostert,15677113,RB/FLEX,6400,SF@SEA 11/01/2020 04:25PM ET,SF,17.08
QB,Drew Brees (15677050),Drew Brees,15677050,QB,6300,NO@CHI 11/01/2020 04:25PM ET,NO,20.45
RB,Joe Mixon (15677117),Joe Mixon,15677117,RB/FLEX,6300,TEN@CIN 11/01/2020 01:00PM ET,CIN,17.27
WR,Robert Woods (15677341),Robert Woods,15677341,WR/FLEX,6300,LAR@MIA 11/01/2020 01:00PM ET,LAR,14.43
WR,Keenan Allen (15677343),Keenan Allen,15677343,WR/FLEX,6200,LAC@DEN 11/01/2020 04:05PM ET,LAC,18.18
QB,Joe Burrow (15677051),Joe Burrow,15677051,QB,6200,TEN@CIN 11/01/2020 01:00PM ET,CIN,22.00
RB,Josh Jacobs (15677121),Josh Jacobs,15677121,RB/FLEX,6200,LV@CLE 11/01/2020 01:00PM ET,LV,16.43
RB,Chris Carson (15677119),Chris Carson,15677119,RB/FLEX,6200,SF@SEA 11/01/2020 04:25PM ET,SEA,17.5
RB,Jamaal Williams (15677123),Jamaal Williams,15677123,RB/FLEX,6100,MIN@GB 11/01/2020 01:00PM ET,GB,10.42
WR,Marquise Brown (15677345),Marquise Brown,15677345,WR/FLEX,6100,PIT@BAL 11/01/2020 01:00PM ET,BAL,12.12
QB,Baker Mayfield (15677052),Baker Mayfield,15677052,QB,6100,LV@CLE 11/01/2020 01:00PM ET,CLE,16.04
QB,Kirk Cousins (15677053),Kirk Cousins,15677053,QB,6000,MIN@GB 11/01/2020 01:00PM ET,MIN,17.75
RB,Alexander Mattison (15677125),Alexander Mattison,15677125,RB/FLEX,6000,MIN@GB 11/01/2020 01:00PM ET,MIN,8.1
RB,Jeff Wilson Jr. (15677127),Jeff Wilson Jr.,15677127,RB/FLEX,6000,SF@SEA 11/01/2020 04:25PM ET,SF,10.47
WR,Deebo Samuel (15677347),Deebo Samuel,15677347,WR/FLEX,6000,SF@SEA 11/01/2020 04:25PM ET,SF,10.48
QB,Philip Rivers (15677054),Philip Rivers,15677054,QB,5900,IND@DET 11/01/2020 01:00PM ET,IND,15.32
RB,David Montgomery (15677129),David Montgomery,15677129,RB/FLEX,5900,NO@CHI 11/01/2020 04:25PM ET,CHI,13.24
WR,Odell Beckham Jr. (15677349),Odell Beckham Jr.,15677349,WR/FLEX,5900,LV@CLE 11/01/2020 01:00PM ET,CLE,12.40
RB,Darrell Henderson Jr. (15677131),Darrell Henderson Jr.,15677131,RB/FLEX,5900,LAR@MIA 11/01/2020 01:00PM ET,LAR,12.59
QB,Nick Foles (15677055),Nick Foles,15677055,QB,5800,NO@CHI 11/01/2020 04:25PM ET,CHI,13.89
TE,Mark Andrews (15677621),Mark Andrews,15677621,TE/FLEX,5800,PIT@BAL 11/01/2020 01:00PM ET,BAL,12.38
RB,Giovani Bernard (15677133),Giovani Bernard,15677133,RB/FLEX,5800,TEN@CIN 11/01/2020 01:00PM ET,CIN,8.36
WR,Jamison Crowder (15677351),Jamison Crowder,15677351,WR/FLEX,5800,NYJ@KC 11/01/2020 01:00PM ET,NYJ,22.08
WR,Brandon Aiyuk (15677353),Brandon Aiyuk,15677353,WR/FLEX,5800,SF@SEA 11/01/2020 04:25PM ET,SF,12.65
QB,Cam Newton (15677056),Cam Newton,15677056,QB,5700,NE@BUF 11/01/2020 01:00PM ET,NE,19.95
WR,DeVante Parker (15677355),DeVante Parker,15677355,WR/FLEX,5700,LAR@MIA 11/01/2020 01:00PM ET,MIA,13.4
RB,Jerick McKinnon (15677135),Jerick McKinnon,15677135,RB/FLEX,5700,SF@SEA 11/01/2020 04:25PM ET,SF,10.53
RB,Melvin Gordon III (15677137),Melvin Gordon III,15677137,RB/FLEX,5600,LAC@DEN 11/01/2020 04:05PM ET,DEN,16.72
WR,Tee Higgins (15677357),Tee Higgins,15677357,WR/FLEX,5600,TEN@CIN 11/01/2020 01:00PM ET,CIN,13.03
WR,Jarvis Landry (15677359),Jarvis Landry,15677359,WR/FLEX,5600,LV@CLE 11/01/2020 01:00PM ET,CLE,10.33
TE,Darren Waller (15677623),Darren Waller,15677623,TE/FLEX,5600,LV@CLE 11/01/2020 01:00PM ET,LV,15.75
QB,Tua Tagovailoa (15677057),Tua Tagovailoa,15677057,QB,5600,LAR@MIA 11/01/2020 01:00PM ET,MIA,0.36
QB,Ryan Fitzpatrick (15677058),Ryan Fitzpatrick,15677058,QB,5600,LAR@MIA 11/01/2020 01:00PM ET,MIA,22.65
WR,Diontae Johnson (15677361),Diontae Johnson,15677361,WR/FLEX,5500,PIT@BAL 11/01/2020 01:00PM ET,PIT,12.92
QB,Derek Carr (15677059),Derek Carr,15677059,QB,5500,LV@CLE 11/01/2020 01:00PM ET,LV,21.06
RB,Austin Ekeler (15677139),Austin Ekeler,15677139,RB/FLEX,5400,LAC@DEN 11/01/2020 04:05PM ET,LAC,15.55
WR,JuJu Smith-Schuster (15677363),JuJu Smith-Schuster,15677363,WR/FLEX,5400,PIT@BAL 11/01/2020 01:00PM ET,PIT,13.32
QB,Jimmy Garoppolo (15677060),Jimmy Garoppolo,15677060,QB,5400,SF@SEA 11/01/2020 04:25PM ET,SF,13.32
RB,D'Andre Swift (15677141),D'Andre Swift,15677141,RB/FLEX,5300,IND@DET 11/01/2020 01:00PM ET,DET,14.45
TE,T.J. Hockenson (15677625),T.J. Hockenson,15677625,TE/FLEX,5300,IND@DET 11/01/2020 01:00PM ET,DET,12.27
QB,Drew Lock (15677062),Drew Lock,15677062,QB,5300,LAC@DEN 11/01/2020 04:05PM ET,DEN,8.34
QB,Jarrett Stidham (15677061),Jarrett Stidham,15677061,QB,5300,NE@BUF 11/01/2020 01:00PM ET,NE,3.28
WR,Cole Beasley (15677365),Cole Beasley,15677365,WR/FLEX,5300,NE@BUF 11/01/2020 01:00PM ET,BUF,14.86
RB,Carlos Hyde (15677143),Carlos Hyde,15677143,RB/FLEX,5300,SF@SEA 11/01/2020 04:25PM ET,SEA,8.48
QB,Mitchell Trubisky (15677063),Mitchell Trubisky,15677063,QB,5200,NO@CHI 11/01/2020 04:25PM ET,CHI,17.37
WR,Chase Claypool (15677367),Chase Claypool,15677367,WR/FLEX,5200,PIT@BAL 11/01/2020 01:00PM ET,PIT,15.4
RB,Myles Gaskin (15677145),Myles Gaskin,15677145,RB/FLEX,5200,LAR@MIA 11/01/2020 01:00PM ET,MIA,14.2
WR,Corey Davis (15677369),Corey Davis,15677369,WR/FLEX,5100,TEN@CIN 11/01/2020 01:00PM ET,TEN,15.02
RB,Devin Singletary (15677147),Devin Singletary,15677147,RB/FLEX,5100,NE@BUF 11/01/2020 01:00PM ET,BUF,10.17
QB,Brett Rypien (15677065),Brett Rypien,15677065,QB,5000,LAC@DEN 11/01/2020 04:05PM ET,DEN,7.65
RB,Phillip Lindsay (15677149),Phillip Lindsay,15677149,RB/FLEX,5000,LAC@DEN 11/01/2020 04:05PM ET,DEN,8.5
QB,Jameis Winston (15677066),Jameis Winston,15677066,QB,5000,NO@CHI 11/01/2020 04:25PM ET,NO,0
QB,C.J. Beathard (15677064),C.J. Beathard,15677064,QB,5000,SF@SEA 11/01/2020 04:25PM ET,SF,6.14
RB,JaMycal Hasty (15677151),JaMycal Hasty,15677151,RB/FLEX,5000,SF@SEA 11/01/2020 04:25PM ET,SF,3.7
WR,T.Y. Hilton (15677375),T.Y. Hilton,15677375,WR/FLEX,4900,IND@DET 11/01/2020 01:00PM ET,IND,7.37
RB,Joshua Kelley (15677153),Joshua Kelley,15677153,RB/FLEX,4900,LAC@DEN 11/01/2020 04:05PM ET,LAC,8.65
WR,Emmanuel Sanders (15677373),Emmanuel Sanders,15677373,WR/FLEX,4900,NO@CHI 11/01/2020 04:25PM ET,NO,14.28
WR,Henry Ruggs III (15677371),Henry Ruggs III,15677371,WR/FLEX,4900,LV@CLE 11/01/2020 01:00PM ET,LV,10.08
TE,Mike Gesicki (15677627),Mike Gesicki,15677627,TE/FLEX,4900,LAR@MIA 11/01/2020 01:00PM ET,MIA,10.18
RB,Justin Jackson (15677157),Justin Jackson,15677157,RB/FLEX,4800,LAC@DEN 11/01/2020 04:05PM ET,LAC,7.35
WR,Jerry Jeudy (15677377),Jerry Jeudy,15677377,WR/FLEX,4800,LAC@DEN 11/01/2020 04:05PM ET,DEN,8.93
RB,Mark Ingram II (15677155),Mark Ingram II,15677155,RB/FLEX,4800,PIT@BAL 11/01/2020 01:00PM ET,BAL,6.67
QB,Sam Darnold (15677067),Sam Darnold,15677067,QB,4800,NYJ@KC 11/01/2020 01:00PM ET,NYJ,12.04
WR,Sammy Watkins (15677379),Sammy Watkins,15677379,WR/FLEX,4800,NYJ@KC 11/01/2020 01:00PM ET,KC,10.9
WR,Tim Patrick (15677381),Tim Patrick,15677381,WR/FLEX,4700,LAC@DEN 11/01/2020 04:05PM ET,DEN,12.73
TE,Noah Fant (15677629),Noah Fant,15677629,TE/FLEX,4700,LAC@DEN 11/01/2020 04:05PM ET,DEN,12.34
WR,Tre'Quan Smith (15677385),Tre'Quan Smith,15677385,WR/FLEX,4700,NO@CHI 11/01/2020 04:25PM ET,NO,9.47
WR,Nelson Agholor (15677387),Nelson Agholor,15677387,WR/FLEX,4700,LV@CLE 11/01/2020 01:00PM ET,LV,11.87
WR,Mecole Hardman (15677383),Mecole Hardman,15677383,WR/FLEX,4700,NYJ@KC 11/01/2020 01:00PM ET,KC,7.96
RB,Malcolm Brown (15677159),Malcolm Brown,15677159,RB/FLEX,4700,LAR@MIA 11/01/2020 01:00PM ET,LAR,9.09
TE,Jimmy Graham (15677631),Jimmy Graham,15677631,TE/FLEX,4600,NO@CHI 11/01/2020 04:25PM ET,CHI,10.63
RB,J.K. Dobbins (15677161),J.K. Dobbins,15677161,RB/FLEX,4600,PIT@BAL 11/01/2020 01:00PM ET,BAL,7.63
QB,Ryan Finley (15677069),Ryan Finley,15677069,QB,4600,TEN@CIN 11/01/2020 01:00PM ET,CIN,0
QB,Marcus Mariota (15677068),Marcus Mariota,15677068,QB,4600,LV@CLE 11/01/2020 01:00PM ET,LV,0
RB,Le'Veon Bell (15677163),Le'Veon Bell,15677163,RB/FLEX,4600,NYJ@KC 11/01/2020 01:00PM ET,KC,6.07
QB,Jacoby Brissett (15677071),Jacoby Brissett,15677071,QB,4500,IND@DET 11/01/2020 01:00PM ET,IND,0.34
WR,Zach Pascal (15677389),Zach Pascal,15677389,WR/FLEX,4500,IND@DET 11/01/2020 01:00PM ET,IND,7.97
WR,A.J. Green (15677391),A.J. Green,15677391,WR/FLEX,4500,TEN@CIN 11/01/2020 01:00PM ET,CIN,8.39
RB,James White (15677165),James White,15677165,RB/FLEX,4500,NE@BUF 11/01/2020 01:00PM ET,NE,9.42
QB,Joe Flacco (15677070),Joe Flacco,15677070,QB,4500,NYJ@KC 11/01/2020 01:00PM ET,NYJ,6.96
DST,Chiefs  (15677805),Chiefs ,15677805,DST,4500,NYJ@KC 11/01/2020 01:00PM ET,KC,9.29
TE,Tyler Higbee (15677633),Tyler Higbee,15677633,TE/FLEX,4500,LAR@MIA 11/01/2020 01:00PM ET,LAR,10.03
WR,Mike Williams (15677399),Mike Williams,15677399,WR/FLEX,4400,LAC@DEN 11/01/2020 04:05PM ET,LAC,9.86
WR,Allen Lazard (15677397),Allen Lazard,15677397,WR/FLEX,4400,MIN@GB 11/01/2020 01:00PM ET,GB,18.37
TE,Jared Cook (15677635),Jared Cook,15677635,TE/FLEX,4400,NO@CHI 11/01/2020 04:25PM ET,NO,10.36
RB,Gus Edwards (15677169),Gus Edwards,15677169,RB/FLEX,4400,PIT@BAL 11/01/2020 01:00PM ET,BAL,4.63
QB,Nathan Peterman (15677072),Nathan Peterman,15677072,QB,4400,LV@CLE 11/01/2020 01:00PM ET,LV,0
RB,Zack Moss (15677167),Zack Moss,15677167,RB/FLEX,4400,NE@BUF 11/01/2020 01:00PM ET,BUF,6.65
WR,John Brown (15677393),John Brown,15677393,WR/FLEX,4400,NE@BUF 11/01/2020 01:00PM ET,BUF,9.08
WR,Julian Edelman (15677395),Julian Edelman,15677395,WR/FLEX,4400,NE@BUF 11/01/2020 01:00PM ET,NE,9.87
QB,Sean Mannion (15677073),Sean Mannion,15677073,QB,4300,MIN@GB 11/01/2020 01:00PM ET,MIN,0
TE,Robert Tonyan (15677637),Robert Tonyan,15677637,TE/FLEX,4300,MIN@GB 11/01/2020 01:00PM ET,GB,11.83
RB,Latavius Murray (15677171),Latavius Murray,15677171,RB/FLEX,4300,NO@CHI 11/01/2020 04:25PM ET,NO,8.87
WR,Anthony Miller (15677403),Anthony Miller,15677403,WR/FLEX,4300,NO@CHI 11/01/2020 04:25PM ET,CHI,7.26
RB,La'Mical Perine (15677173),La'Mical Perine,15677173,RB/FLEX,4300,NYJ@KC 11/01/2020 01:00PM ET,NYJ,4.43
RB,Cam Akers (15677175),Cam Akers,15677175,RB/FLEX,4300,LAR@MIA 11/01/2020 01:00PM ET,LAR,3.18
WR,Preston Williams (15677401),Preston Williams,15677401,WR/FLEX,4300,LAR@MIA 11/01/2020 01:00PM ET,MIA,9.72
WR,Marvin Jones Jr. (15677405),Marvin Jones Jr.,15677405,WR/FLEX,4200,IND@DET 11/01/2020 01:00PM ET,DET,7.93
TE,Hunter Henry (15677639),Hunter Henry,15677639,TE/FLEX,4200,LAC@DEN 11/01/2020 04:05PM ET,LAC,10.02
QB,Logan Woodside (15677076),Logan Woodside,15677076,QB,4200,TEN@CIN 11/01/2020 01:00PM ET,TEN,0
QB,Case Keenum (15677075),Case Keenum,15677075,QB,4200,LV@CLE 11/01/2020 01:00PM ET,CLE,1.84
WR,Rashard Higgins (15677407),Rashard Higgins,15677407,WR/FLEX,4200,LV@CLE 11/01/2020 01:00PM ET,CLE,8.46
QB,Brian Hoyer (15677074),Brian Hoyer,15677074,QB,4200,NE@BUF 11/01/2020 01:00PM ET,NE,4
RB,Damien Harris (15677177),Damien Harris,15677177,RB/FLEX,4200,NE@BUF 11/01/2020 01:00PM ET,NE,8.43
QB,Chase Daniel (15677086),Chase Daniel,15677086,QB,4100,IND@DET 11/01/2020 01:00PM ET,DET,0
QB,Tyrod Taylor (15677085),Tyrod Taylor,15677085,QB,4100,LAC@DEN 11/01/2020 04:05PM ET,LAC,9.02
QB,Tim Boyle (15677084),Tim Boyle,15677084,QB,4100,MIN@GB 11/01/2020 01:00PM ET,GB,-0.1
QB,Taysom Hill (15677083),Taysom Hill,15677083,QB,4100,NO@CHI 11/01/2020 04:25PM ET,NO,2.84
QB,Robert Griffin III (15677081),Robert Griffin III,15677081,QB,4100,PIT@BAL 11/01/2020 01:00PM ET,BAL,-0.18
QB,Mason Rudolph (15677082),Mason Rudolph,15677082,QB,4100,PIT@BAL 11/01/2020 01:00PM ET,PIT,-0.06
TE,Jonnu Smith (15677641),Jonnu Smith,15677641,TE/FLEX,4100,TEN@CIN 11/01/2020 01:00PM ET,TEN,12.38
QB,Matt Barkley (15677080),Matt Barkley,15677080,QB,4100,NE@BUF 11/01/2020 01:00PM ET,BUF,0.88
QB,Chad Henne (15677079),Chad Henne,15677079,QB,4100,NYJ@KC 11/01/2020 01:00PM ET,KC,6.32
QB,John Wolford (15677078),John Wolford,15677078,QB,4100,LAR@MIA 11/01/2020 01:00PM ET,LAR,0
QB,Geno Smith (15677077),Geno Smith,15677077,QB,4100,SF@SEA 11/01/2020 04:25PM ET,SEA,0
QB,Jacob Eason (15677095),Jacob Eason,15677095,QB,4000,IND@DET 11/01/2020 01:00PM ET,IND,0
QB,David Blough (15677096),David Blough,15677096,QB,4000,IND@DET 11/01/2020 01:00PM ET,DET,0
RB,Nyheim Hines (15677301),Nyheim Hines,15677301,RB/FLEX,4000,IND@DET 11/01/2020 01:00PM ET,IND,9.62
RB,Jordan Wilkins (15677303),Jordan Wilkins,15677303,RB/FLEX,4000,IND@DET 11/01/2020 01:00PM ET,IND,2.27
RB,Marlon Mack (15677305),Marlon Mack,15677305,RB/FLEX,4000,IND@DET 11/01/2020 01:00PM ET,IND,8.6
RB,Adrian Peterson (15677307),Adrian Peterson,15677307,RB/FLEX,4000,IND@DET 11/01/2020 01:00PM ET,DET,9.07
RB,Kerryon Johnson (15677309),Kerryon Johnson,15677309,RB/FLEX,4000,IND@DET 11/01/2020 01:00PM ET,DET,3.96
RB,Bo Scarbrough (15677311),Bo Scarbrough,15677311,RB/FLEX,4000,IND@DET 11/01/2020 01:00PM ET,DET,0
RB,Jason Cabinda (15677313),Jason Cabinda,15677313,RB/FLEX,4000,IND@DET 11/01/2020 01:00PM ET,DET,0.28
WR,Michael Pittman Jr. (15677409),Michael Pittman Jr.,15677409,WR/FLEX,4000,IND@DET 11/01/2020 01:00PM ET,IND,5.43
QB,Easton Stick (15677093),Easton Stick,15677093,QB,4000,LAC@DEN 11/01/2020 04:05PM ET,LAC,-0.04
QB,Jeff Driskel (15677094),Jeff Driskel,15677094,QB,4000,LAC@DEN 11/01/2020 04:05PM ET,DEN,10.69
RB,Troymaine Pope (15677293),Troymaine Pope,15677293,RB/FLEX,4000,LAC@DEN 11/01/2020 04:05PM ET,LAC,0.6
RB,Gabe Nabers (15677295),Gabe Nabers,15677295,RB/FLEX,4000,LAC@DEN 11/01/2020 04:05PM ET,LAC,0.32
RB,Royce Freeman (15677297),Royce Freeman,15677297,RB/FLEX,4000,LAC@DEN 11/01/2020 04:05PM ET,DEN,3.27
RB,LeVante Bellamy (15677299),LeVante Bellamy,15677299,RB/FLEX,4000,LAC@DEN 11/01/2020 04:05PM ET,DEN,0
DST,Chargers  (15677806),Chargers ,15677806,DST,4000,LAC@DEN 11/01/2020 04:05PM ET,LAC,5.17
QB,Jordan Love (15677092),Jordan Love,15677092,QB,4000,MIN@GB 11/01/2020 01:00PM ET,GB,0
RB,Mike Boone (15677279),Mike Boone,15677279,RB/FLEX,4000,MIN@GB 11/01/2020 01:00PM ET,MIN,0.57
RB,Ameer Abdullah (15677281),Ameer Abdullah,15677281,RB/FLEX,4000,MIN@GB 11/01/2020 01:00PM ET,MIN,0.3
RB,C.J. Ham (15677283),C.J. Ham,15677283,RB/FLEX,4000,MIN@GB 11/01/2020 01:00PM ET,MIN,0.54
RB,AJ Dillon (15677285),AJ Dillon,15677285,RB/FLEX,4000,MIN@GB 11/01/2020 01:00PM ET,GB,1.27
RB,Dexter Williams (15677287),Dexter Williams,15677287,RB/FLEX,4000,MIN@GB 11/01/2020 01:00PM ET,GB,0
RB,Patrick Taylor (15677289),Patrick Taylor,15677289,RB/FLEX,4000,MIN@GB 11/01/2020 01:00PM ET,GB,0
RB,Tyler Ervin (15677291),Tyler Ervin,15677291,RB/FLEX,4000,MIN@GB 11/01/2020 01:00PM ET,GB,2.98
RB,Dwayne Washington (15677267),Dwayne Washington,15677267,RB/FLEX,4000,NO@CHI 11/01/2020 04:25PM ET,NO,0
RB,Ty Montgomery (15677269),Ty Montgomery,15677269,RB/FLEX,4000,NO@CHI 11/01/2020 04:25PM ET,NO,2.05
RB,Michael Burton (15677271),Michael Burton,15677271,RB/FLEX,4000,NO@CHI 11/01/2020 04:25PM ET,NO,0.38
RB,Ryan Nall (15677273),Ryan Nall,15677273,RB/FLEX,4000,NO@CHI 11/01/2020 04:25PM ET,CHI,0.3
RB,Artavis Pierce (15677275),Artavis Pierce,15677275,RB/FLEX,4000,NO@CHI 11/01/2020 04:25PM ET,CHI,0
RB,Tarik Cohen (15677277),Tarik Cohen,15677277,RB/FLEX,4000,NO@CHI 11/01/2020 04:25PM ET,CHI,5.83
QB,Trace McSorley (15677090),Trace McSorley,15677090,QB,4000,PIT@BAL 11/01/2020 01:00PM ET,BAL,0
QB,Josh Dobbs (15677091),Josh Dobbs,15677091,QB,4000,PIT@BAL 11/01/2020 01:00PM ET,PIT,0
RB,Justice Hill (15677253),Justice Hill,15677253,RB/FLEX,4000,PIT@BAL 11/01/2020 01:00PM ET,BAL,0
RB,Patrick Ricard (15677255),Patrick Ricard,15677255,RB/FLEX,4000,PIT@BAL 11/01/2020 01:00PM ET,BAL,1.6
RB,Benny Snell Jr. (15677257),Benny Snell Jr.,15677257,RB/FLEX,4000,PIT@BAL 11/01/2020 01:00PM ET,PIT,5.45
RB,Anthony McFarland Jr. (15677259),Anthony McFarland Jr.,15677259,RB/FLEX,4000,PIT@BAL 11/01/2020 01:00PM ET,PIT,2.22
RB,Jaylen Samuels (15677261),Jaylen Samuels,15677261,RB/FLEX,4000,PIT@BAL 11/01/2020 01:00PM ET,PIT,0.82
RB,Trey Edmunds (15677263),Trey Edmunds,15677263,RB/FLEX,4000,PIT@BAL 11/01/2020 01:00PM ET,PIT,0
RB,Derek Watt (15677265),Derek Watt,15677265,RB/FLEX,4000,PIT@BAL 11/01/2020 01:00PM ET,PIT,0
RB,Jeremy McNichols (15677241),Jeremy McNichols,15677241,RB/FLEX,4000,TEN@CIN 11/01/2020 01:00PM ET,TEN,2.45
RB,Darrynton Evans (15677243),Darrynton Evans,15677243,RB/FLEX,4000,TEN@CIN 11/01/2020 01:00PM ET,TEN,1.05
RB,Senorise Perry (15677245),Senorise Perry,15677245,RB/FLEX,4000,TEN@CIN 11/01/2020 01:00PM ET,TEN,0.45
RB,Khari Blasingame (15677247),Khari Blasingame,15677247,RB/FLEX,4000,TEN@CIN 11/01/2020 01:00PM ET,TEN,0.38
RB,Samaje Perine (15677249),Samaje Perine,15677249,RB/FLEX,4000,TEN@CIN 11/01/2020 01:00PM ET,CIN,0.27
RB,Trayveon Williams (15677251),Trayveon Williams,15677251,RB/FLEX,4000,TEN@CIN 11/01/2020 01:00PM ET,CIN,0
RB,Jalen Richard (15677229),Jalen Richard,15677229,RB/FLEX,4000,LV@CLE 11/01/2020 01:00PM ET,LV,4.88
RB,Devontae Booker (15677231),Devontae Booker,15677231,RB/FLEX,4000,LV@CLE 11/01/2020 01:00PM ET,LV,4.78
RB,Alec Ingold (15677233),Alec Ingold,15677233,RB/FLEX,4000,LV@CLE 11/01/2020 01:00PM ET,LV,3.83
RB,D'Ernest Johnson (15677235),D'Ernest Johnson,15677235,RB/FLEX,4000,LV@CLE 11/01/2020 01:00PM ET,CLE,2.14
RB,Dontrell Hilliard (15677237),Dontrell Hilliard,15677237,RB/FLEX,4000,LV@CLE 11/01/2020 01:00PM ET,CLE,2
RB,Andy Janovich (15677239),Andy Janovich,15677239,RB/FLEX,4000,LV@CLE 11/01/2020 01:00PM ET,CLE,0.62
TE,Austin Hooper (15677643),Austin Hooper,15677643,TE/FLEX,4000,LV@CLE 11/01/2020 01:00PM ET,CLE,8.08
QB,Jake Fromm (15677089),Jake Fromm,15677089,QB,4000,NE@BUF 11/01/2020 01:00PM ET,BUF,0
RB,Rex Burkhead (15677217),Rex Burkhead,15677217,RB/FLEX,4000,NE@BUF 11/01/2020 01:00PM ET,NE,10.33
RB,J.J. Taylor (15677219),J.J. Taylor,15677219,RB/FLEX,4000,NE@BUF 11/01/2020 01:00PM ET,NE,2.8
RB,Sony Michel (15677221),Sony Michel,15677221,RB/FLEX,4000,NE@BUF 11/01/2020 01:00PM ET,NE,10.2
RB,Jakob Johnson (15677223),Jakob Johnson,15677223,RB/FLEX,4000,NE@BUF 11/01/2020 01:00PM ET,NE,1.96
RB,T.J. Yeldon (15677225),T.J. Yeldon,15677225,RB/FLEX,4000,NE@BUF 11/01/2020 01:00PM ET,BUF,5.4
RB,Taiwan Jones (15677227),Taiwan Jones,15677227,RB/FLEX,4000,NE@BUF 11/01/2020 01:00PM ET,BUF,0
QB,James Morgan (15677088),James Morgan,15677088,QB,4000,NYJ@KC 11/01/2020 01:00PM ET,NYJ,0
RB,Frank Gore (15677207),Frank Gore,15677207,RB/FLEX,4000,NYJ@KC 11/01/2020 01:00PM ET,NYJ,5.79
RB,Ty Johnson (15677209),Ty Johnson,15677209,RB/FLEX,4000,NYJ@KC 11/01/2020 01:00PM ET,NYJ,1.4
RB,Darrel Williams (15677211),Darrel Williams,15677211,RB/FLEX,4000,NYJ@KC 11/01/2020 01:00PM ET,KC,4.35
RB,Darwin Thompson (15677213),Darwin Thompson,15677213,RB/FLEX,4000,NYJ@KC 11/01/2020 01:00PM ET,KC,0.98
RB,DeAndre Washington (15677215),DeAndre Washington,15677215,RB/FLEX,4000,NYJ@KC 11/01/2020 01:00PM ET,KC,1.7
RB,Matt Breida (15677191),Matt Breida,15677191,RB/FLEX,4000,LAR@MIA 11/01/2020 01:00PM ET,MIA,4.4
RB,Patrick Laird (15677193),Patrick Laird,15677193,RB/FLEX,4000,LAR@MIA 11/01/2020 01:00PM ET,MIA,1.02
RB,Jordan Howard (15677195),Jordan Howard,15677195,RB/FLEX,4000,LAR@MIA 11/01/2020 01:00PM ET,MIA,5.02
RB,Malcolm Perry (15677197),Malcolm Perry,15677197,RB/FLEX,4000,LAR@MIA 11/01/2020 01:00PM ET,MIA,0
RB,Salvon Ahmed (15677199),Salvon Ahmed,15677199,RB/FLEX,4000,LAR@MIA 11/01/2020 01:00PM ET,MIA,0
RB,Chandler Cox (15677201),Chandler Cox,15677201,RB/FLEX,4000,LAR@MIA 11/01/2020 01:00PM ET,MIA,0.58
RB,Xavier Jones (15677203),Xavier Jones,15677203,RB/FLEX,4000,LAR@MIA 11/01/2020 01:00PM ET,LAR,0
RB,Raymond Calais (15677205),Raymond Calais,15677205,RB/FLEX,4000,LAR@MIA 11/01/2020 01:00PM ET,LAR,0
QB,Nick Mullens (15677087),Nick Mullens,15677087,QB,4000,SF@SEA 11/01/2020 04:25PM ET,SF,10.45
RB,Travis Homer (15677179),Travis Homer,15677179,RB/FLEX,4000,SF@SEA 11/01/2020 04:25PM ET,SEA,2.75
RB,DeeJay Dallas (15677181),DeeJay Dallas,15677181,RB/FLEX,4000,SF@SEA 11/01/2020 04:25PM ET,SEA,2.02
RB,Rashaad Penny (15677183),Rashaad Penny,15677183,RB/FLEX,4000,SF@SEA 11/01/2020 04:25PM ET,SEA,0
RB,Nick Bellore (15677185),Nick Bellore,15677185,RB/FLEX,4000,SF@SEA 11/01/2020 04:25PM ET,SEA,0
RB,Tevin Coleman (15677187),Tevin Coleman,15677187,RB/FLEX,4000,SF@SEA 11/01/2020 04:25PM ET,SF,4.7
RB,Kyle Juszczyk (15677189),Kyle Juszczyk,15677189,RB/FLEX,4000,SF@SEA 11/01/2020 04:25PM ET,SF,4.56
TE,Eric Ebron (15677645),Eric Ebron,15677645,TE/FLEX,3900,PIT@BAL 11/01/2020 01:00PM ET,PIT,8.08
WR,Marquez Valdes-Scantling (15677413),Marquez Valdes-Scantling,15677413,WR/FLEX,3800,MIN@GB 11/01/2020 01:00PM ET,GB,7.68
WR,Adam Humphries (15677415),Adam Humphries,15677415,WR/FLEX,3800,TEN@CIN 11/01/2020 01:00PM ET,TEN,11.18
WR,Hunter Renfrow (15677411),Hunter Renfrow,15677411,WR/FLEX,3800,LV@CLE 11/01/2020 01:00PM ET,LV,9.22
WR,Donovan Peoples-Jones (15677417),Donovan Peoples-Jones,15677417,WR/FLEX,3800,LV@CLE 11/01/2020 01:00PM ET,CLE,3.65
TE,David Njoku (15677647),David Njoku,15677647,TE/FLEX,3800,LV@CLE 11/01/2020 01:00PM ET,CLE,6.82
DST,Rams  (15677807),Rams ,15677807,DST,3800,LAR@MIA 11/01/2020 01:00PM ET,LAR,7.57
WR,Parris Campbell (15677419),Parris Campbell,15677419,WR/FLEX,3700,IND@DET 11/01/2020 01:00PM ET,IND,7.35
DST,Ravens  (15677808),Ravens ,15677808,DST,3700,PIT@BAL 11/01/2020 01:00PM ET,BAL,12.67
WR,Damiere Byrd (15677421),Damiere Byrd,15677421,WR/FLEX,3700,NE@BUF 11/01/2020 01:00PM ET,NE,6.88
TE,Gerald Everett (15677649),Gerald Everett,15677649,TE/FLEX,3700,LAR@MIA 11/01/2020 01:00PM ET,LAR,6.54
WR,KJ Hamler (15677425),KJ Hamler,15677425,WR/FLEX,3600,LAC@DEN 11/01/2020 04:05PM ET,DEN,4.98
WR,Jalen Guyton (15677429),Jalen Guyton,15677429,WR/FLEX,3600,LAC@DEN 11/01/2020 04:05PM ET,LAC,8.57
DST,Steelers  (15677809),Steelers ,15677809,DST,3600,PIT@BAL 11/01/2020 01:00PM ET,PIT,9.33
WR,Bryan Edwards (15677423),Bryan Edwards,15677423,WR/FLEX,3600,LV@CLE 11/01/2020 01:00PM ET,LV,4.97
WR,Breshad Perriman (15677427),Breshad Perriman,15677427,WR/FLEX,3600,NYJ@KC 11/01/2020 01:00PM ET,NYJ,5.7
TE,Greg Olsen (15677651),Greg Olsen,15677651,TE/FLEX,3600,SF@SEA 11/01/2020 04:25PM ET,SEA,6.47
TE,Trey Burton (15677653),Trey Burton,15677653,TE/FLEX,3500,IND@DET 11/01/2020 01:00PM ET,IND,11.27
WR,Darnell Mooney (15677437),Darnell Mooney,15677437,WR/FLEX,3500,NO@CHI 11/01/2020 04:25PM ET,CHI,7.19
WR,Gabriel Davis (15677433),Gabriel Davis,15677433,WR/FLEX,3500,NE@BUF 11/01/2020 01:00PM ET,BUF,6.79
WR,Jakobi Meyers (15677439),Jakobi Meyers,15677439,WR/FLEX,3500,NE@BUF 11/01/2020 01:00PM ET,NE,2.98
TE,Tyler Kroft (15677655),Tyler Kroft,15677655,TE/FLEX,3500,NE@BUF 11/01/2020 01:00PM ET,BUF,4.67
WR,Braxton Berrios (15677431),Braxton Berrios,15677431,WR/FLEX,3500,NYJ@KC 11/01/2020 01:00PM ET,NYJ,6.56
WR,Kendrick Bourne (15677435),Kendrick Bourne,15677435,WR/FLEX,3500,SF@SEA 11/01/2020 04:25PM ET,SF,7.16
TE,Mo Alie-Cox (15677657),Mo Alie-Cox,15677657,TE/FLEX,3400,IND@DET 11/01/2020 01:00PM ET,IND,9.08
TE,Kyle Rudolph (15677659),Kyle Rudolph,15677659,TE/FLEX,3400,MIN@GB 11/01/2020 01:00PM ET,MIN,4.72
WR,Marquez Callaway (15677443),Marquez Callaway,15677443,WR/FLEX,3400,NO@CHI 11/01/2020 04:25PM ET,NO,5.1
DST,Saints  (15677810),Saints ,15677810,DST,3400,NO@CHI 11/01/2020 04:25PM ET,NO,4.33
WR,Willie Snead IV (15677445),Willie Snead IV,15677445,WR/FLEX,3400,PIT@BAL 11/01/2020 01:00PM ET,BAL,5.32
TE,Drew Sample (15677661),Drew Sample,15677661,TE/FLEX,3400,TEN@CIN 11/01/2020 01:00PM ET,CIN,5.2
WR,N'Keal Harry (15677441),N'Keal Harry,15677441,WR/FLEX,3400,NE@BUF 11/01/2020 01:00PM ET,NE,6.9
WR,Danny Amendola (15677449),Danny Amendola,15677449,WR/FLEX,3300,IND@DET 11/01/2020 01:00PM ET,DET,7
TE,Jack Doyle (15677663),Jack Doyle,15677663,TE/FLEX,3300,IND@DET 11/01/2020 01:00PM ET,IND,4.2
WR,Deonte Harris (15677447),Deonte Harris,15677447,WR/FLEX,3300,NO@CHI 11/01/2020 04:25PM ET,NO,6.02
DST,Bills  (15677811),Bills ,15677811,DST,3300,NE@BUF 11/01/2020 01:00PM ET,BUF,4.86
WR,Jeff Smith (15677451),Jeff Smith,15677451,WR/FLEX,3300,NYJ@KC 11/01/2020 01:00PM ET,NYJ,5.55
WR,Cordarrelle Patterson (15677453),Cordarrelle Patterson,15677453,WR/FLEX,3200,NO@CHI 11/01/2020 04:25PM ET,CHI,3.69
TE,Harrison Bryant (15677667),Harrison Bryant,15677667,TE/FLEX,3200,LV@CLE 11/01/2020 01:00PM ET,CLE,6.09
TE,Dawson Knox (15677665),Dawson Knox,15677665,TE/FLEX,3200,NE@BUF 11/01/2020 01:00PM ET,BUF,3.58
WR,Denzel Mims (15677455),Denzel Mims,15677455,WR/FLEX,3200,NYJ@KC 11/01/2020 01:00PM ET,NYJ,8.2
DST,Seahawks  (15677812),Seahawks ,15677812,DST,3200,SF@SEA 11/01/2020 04:25PM ET,SEA,5.33
DST,Colts  (15677814),Colts ,15677814,DST,3100,IND@DET 11/01/2020 01:00PM ET,IND,11.17
DST,Patriots  (15677813),Patriots ,15677813,DST,3100,NE@BUF 11/01/2020 01:00PM ET,NE,7.83
WR,Demarcus Robinson (15677457),Demarcus Robinson,15677457,WR/FLEX,3100,NYJ@KC 11/01/2020 01:00PM ET,KC,4.38
WR,Isaiah Ford (15677459),Isaiah Ford,15677459,WR/FLEX,3100,LAR@MIA 11/01/2020 01:00PM ET,MIA,6.88
WR,Josh Reynolds (15677461),Josh Reynolds,15677461,WR/FLEX,3100,LAR@MIA 11/01/2020 01:00PM ET,LAR,8.11
WR,David Moore (15677463),David Moore,15677463,WR/FLEX,3100,SF@SEA 11/01/2020 04:25PM ET,SEA,8.22
WR,Marcus Johnson (15677603),Marcus Johnson,15677603,WR/FLEX,3000,IND@DET 11/01/2020 01:00PM ET,IND,10.27
WR,Ashton Dulin (15677605),Ashton Dulin,15677605,WR/FLEX,3000,IND@DET 11/01/2020 01:00PM ET,IND,1.05
WR,Dezmon Patmon (15677607),Dezmon Patmon,15677607,WR/FLEX,3000,IND@DET 11/01/2020 01:00PM ET,IND,0
WR,Reece Fountain (15677609),Reece Fountain,15677609,WR/FLEX,3000,IND@DET 11/01/2020 01:00PM ET,IND,1.43
WR,Marvin Hall (15677611),Marvin Hall,15677611,WR/FLEX,3000,IND@DET 11/01/2020 01:00PM ET,DET,2.45
WR,Jamal Agnew (15677613),Jamal Agnew,15677613,WR/FLEX,3000,IND@DET 11/01/2020 01:00PM ET,DET,1.7
WR,Quintez Cephus (15677615),Quintez Cephus,15677615,WR/FLEX,3000,IND@DET 11/01/2020 01:00PM ET,DET,3.92
WR,K.J. Hill (15677587),K.J. Hill,15677587,WR/FLEX,3000,LAC@DEN 11/01/2020 04:05PM ET,LAC,0.86
WR,Tyron Johnson (15677589),Tyron Johnson,15677589,WR/FLEX,3000,LAC@DEN 11/01/2020 04:05PM ET,LAC,4.67
WR,Joe Reed (15677591),Joe Reed,15677591,WR/FLEX,3000,LAC@DEN 11/01/2020 04:05PM ET,LAC,2.05
WR,Jason Moore (15677593),Jason Moore,15677593,WR/FLEX,3000,LAC@DEN 11/01/2020 04:05PM ET,LAC,0
WR,DaeSean Hamilton (15677595),DaeSean Hamilton,15677595,WR/FLEX,3000,LAC@DEN 11/01/2020 04:05PM ET,DEN,1.8
WR,Diontae Spencer (15677597),Diontae Spencer,15677597,WR/FLEX,3000,LAC@DEN 11/01/2020 04:05PM ET,DEN,0.52
WR,Tyrie Cleveland (15677599),Tyrie Cleveland,15677599,WR/FLEX,3000,LAC@DEN 11/01/2020 04:05PM ET,DEN,0.34
WR,Courtland Sutton (15677601),Courtland Sutton,15677601,WR/FLEX,3000,LAC@DEN 11/01/2020 04:05PM ET,DEN,9.6
TE,Donald Parham Jr. (15677675),Donald Parham Jr.,15677675,TE/FLEX,3000,LAC@DEN 11/01/2020 04:05PM ET,LAC,6.03
DST,Broncos  (15677815),Broncos ,15677815,DST,3000,LAC@DEN 11/01/2020 04:05PM ET,DEN,5.83
WR,Chad Beebe (15677571),Chad Beebe,15677571,WR/FLEX,3000,MIN@GB 11/01/2020 01:00PM ET,MIN,1.78
WR,Olabisi Johnson (15677573),Olabisi Johnson,15677573,WR/FLEX,3000,MIN@GB 11/01/2020 01:00PM ET,MIN,2.38
WR,Tajae Sharpe (15677575),Tajae Sharpe,15677575,WR/FLEX,3000,MIN@GB 11/01/2020 01:00PM ET,MIN,0
WR,Dan Chisena (15677577),Dan Chisena,15677577,WR/FLEX,3000,MIN@GB 11/01/2020 01:00PM ET,MIN,0
WR,K.J. Osborn (15677579),K.J. Osborn,15677579,WR/FLEX,3000,MIN@GB 11/01/2020 01:00PM ET,MIN,0
WR,Equanimeous St. Brown (15677581),Equanimeous St. Brown,15677581,WR/FLEX,3000,MIN@GB 11/01/2020 01:00PM ET,GB,0
WR,Malik Taylor (15677583),Malik Taylor,15677583,WR/FLEX,3000,MIN@GB 11/01/2020 01:00PM ET,GB,1.93
WR,Darrius Shepherd (15677585),Darrius Shepherd,15677585,WR/FLEX,3000,MIN@GB 11/01/2020 01:00PM ET,GB,1.68
TE,Irv Smith Jr. (15677673),Irv Smith Jr.,15677673,TE/FLEX,3000,MIN@GB 11/01/2020 01:00PM ET,MIN,4.22
WR,Austin Carr (15677559),Austin Carr,15677559,WR/FLEX,3000,NO@CHI 11/01/2020 04:25PM ET,NO,1.6
WR,Juwan Johnson (15677561),Juwan Johnson,15677561,WR/FLEX,3000,NO@CHI 11/01/2020 04:25PM ET,NO,0
WR,Bennie Fowler III (15677563),Bennie Fowler III,15677563,WR/FLEX,3000,NO@CHI 11/01/2020 04:25PM ET,NO,0.62
WR,Javon Wims (15677565),Javon Wims,15677565,WR/FLEX,3000,NO@CHI 11/01/2020 04:25PM ET,CHI,1.8
WR,Ted Ginn Jr. (15677567),Ted Ginn Jr.,15677567,WR/FLEX,3000,NO@CHI 11/01/2020 04:25PM ET,CHI,1.4
WR,Riley Ridley (15677569),Riley Ridley,15677569,WR/FLEX,3000,NO@CHI 11/01/2020 04:25PM ET,CHI,0
WR,Miles Boykin (15677465),Miles Boykin,15677465,WR/FLEX,3000,PIT@BAL 11/01/2020 01:00PM ET,BAL,3.87
WR,James Washington (15677467),James Washington,15677467,WR/FLEX,3000,PIT@BAL 11/01/2020 01:00PM ET,PIT,7.92
WR,Devin Duvernay (15677547),Devin Duvernay,15677547,WR/FLEX,3000,PIT@BAL 11/01/2020 01:00PM ET,BAL,4.87
WR,Chris Moore (15677549),Chris Moore,15677549,WR/FLEX,3000,PIT@BAL 11/01/2020 01:00PM ET,BAL,0
WR,James Proche (15677551),James Proche,15677551,WR/FLEX,3000,PIT@BAL 11/01/2020 01:00PM ET,BAL,0
WR,Antoine Wesley (15677553),Antoine Wesley,15677553,WR/FLEX,3000,PIT@BAL 11/01/2020 01:00PM ET,BAL,0
WR,DeAndrew White (15677555),DeAndrew White,15677555,WR/FLEX,3000,PIT@BAL 11/01/2020 01:00PM ET,BAL,0
WR,Ray-Ray McCloud III (15677557),Ray-Ray McCloud III,15677557,WR/FLEX,3000,PIT@BAL 11/01/2020 01:00PM ET,PIT,2.28
TE,Nick Boyle (15677671),Nick Boyle,15677671,TE/FLEX,3000,PIT@BAL 11/01/2020 01:00PM ET,BAL,4.55
WR,Kalif Raymond (15677535),Kalif Raymond,15677535,WR/FLEX,3000,TEN@CIN 11/01/2020 01:00PM ET,TEN,4.72
WR,Nick Westbrook-Ikhine (15677537),Nick Westbrook-Ikhine,15677537,WR/FLEX,3000,TEN@CIN 11/01/2020 01:00PM ET,TEN,0.92
WR,Mike Thomas (15677539),Mike Thomas,15677539,WR/FLEX,3000,TEN@CIN 11/01/2020 01:00PM ET,CIN,4.47
WR,Auden Tate (15677541),Auden Tate,15677541,WR/FLEX,3000,TEN@CIN 11/01/2020 01:00PM ET,CIN,1.92
WR,Alex Erickson (15677543),Alex Erickson,15677543,WR/FLEX,3000,TEN@CIN 11/01/2020 01:00PM ET,CIN,0.37
WR,John Ross III (15677545),John Ross III,15677545,WR/FLEX,3000,TEN@CIN 11/01/2020 01:00PM ET,CIN,1.85
TE,Anthony Firkser (15677669),Anthony Firkser,15677669,TE/FLEX,3000,TEN@CIN 11/01/2020 01:00PM ET,TEN,7.82
DST,Titans  (15677816),Titans ,15677816,DST,3000,TEN@CIN 11/01/2020 01:00PM ET,TEN,4.5
WR,Zay Jones (15677523),Zay Jones,15677523,WR/FLEX,3000,LV@CLE 11/01/2020 01:00PM ET,LV,4.62
WR,Rico Gafford (15677525),Rico Gafford,15677525,WR/FLEX,3000,LV@CLE 11/01/2020 01:00PM ET,LV,0
WR,Tyrell Williams (15677527),Tyrell Williams,15677527,WR/FLEX,3000,LV@CLE 11/01/2020 01:00PM ET,LV,0
WR,Taywan Taylor (15677529),Taywan Taylor,15677529,WR/FLEX,3000,LV@CLE 11/01/2020 01:00PM ET,CLE,0
WR,KhaDarel Hodge (15677531),KhaDarel Hodge,15677531,WR/FLEX,3000,LV@CLE 11/01/2020 01:00PM ET,CLE,2.7
WR,JoJo Natson (15677533),JoJo Natson,15677533,WR/FLEX,3000,LV@CLE 11/01/2020 01:00PM ET,CLE,0.1
WR,Gunner Olszewski (15677509),Gunner Olszewski,15677509,WR/FLEX,3000,NE@BUF 11/01/2020 01:00PM ET,NE,0.7
WR,Matthew Slater (15677511),Matthew Slater,15677511,WR/FLEX,3000,NE@BUF 11/01/2020 01:00PM ET,NE,0
WR,Quincy Adeboyejo (15677513),Quincy Adeboyejo,15677513,WR/FLEX,3000,NE@BUF 11/01/2020 01:00PM ET,NE,0
WR,Isaiah McKenzie (15677515),Isaiah McKenzie,15677515,WR/FLEX,3000,NE@BUF 11/01/2020 01:00PM ET,BUF,4.53
WR,Andre Roberts (15677517),Andre Roberts,15677517,WR/FLEX,3000,NE@BUF 11/01/2020 01:00PM ET,BUF,0.41
WR,Duke Williams (15677519),Duke Williams,15677519,WR/FLEX,3000,NE@BUF 11/01/2020 01:00PM ET,BUF,0
WR,Isaiah Hodgins (15677521),Isaiah Hodgins,15677521,WR/FLEX,3000,NE@BUF 11/01/2020 01:00PM ET,BUF,0
WR,Vyncint Smith (15677501),Vyncint Smith,15677501,WR/FLEX,3000,NYJ@KC 11/01/2020 01:00PM ET,NYJ,0
WR,Chris Hogan (15677503),Chris Hogan,15677503,WR/FLEX,3000,NYJ@KC 11/01/2020 01:00PM ET,NYJ,5.16
WR,Byron Pringle (15677505),Byron Pringle,15677505,WR/FLEX,3000,NYJ@KC 11/01/2020 01:00PM ET,KC,2.65
WR,Marcus Kemp (15677507),Marcus Kemp,15677507,WR/FLEX,3000,NYJ@KC 11/01/2020 01:00PM ET,KC,0.52
WR,Lynn Bowden Jr. (15677489),Lynn Bowden Jr.,15677489,WR/FLEX,3000,LAR@MIA 11/01/2020 01:00PM ET,MIA,0.6
WR,Jakeem Grant (15677491),Jakeem Grant,15677491,WR/FLEX,3000,LAR@MIA 11/01/2020 01:00PM ET,MIA,4.72
WR,Mack Hollins (15677493),Mack Hollins,15677493,WR/FLEX,3000,LAR@MIA 11/01/2020 01:00PM ET,MIA,0
WR,Van Jefferson Jr. (15677495),Van Jefferson Jr.,15677495,WR/FLEX,3000,LAR@MIA 11/01/2020 01:00PM ET,LAR,2.78
WR,Nsimba Webster (15677497),Nsimba Webster,15677497,WR/FLEX,3000,LAR@MIA 11/01/2020 01:00PM ET,LAR,0
WR,Trishton Jackson (15677499),Trishton Jackson,15677499,WR/FLEX,3000,LAR@MIA 11/01/2020 01:00PM ET,LAR,0
WR,Freddie Swain (15677469),Freddie Swain,15677469,WR/FLEX,3000,SF@SEA 11/01/2020 04:25PM ET,SEA,3.78
WR,Penny Hart (15677471),Penny Hart,15677471,WR/FLEX,3000,SF@SEA 11/01/2020 04:25PM ET,SEA,0
WR,Phillip Dorsett II (15677473),Phillip Dorsett II,15677473,WR/FLEX,3000,SF@SEA 11/01/2020 04:25PM ET,SEA,0
WR,Josh Gordon (15677475),Josh Gordon,15677475,WR/FLEX,3000,SF@SEA 11/01/2020 04:25PM ET,SEA,0
WR,Trent Taylor (15677477),Trent Taylor,15677477,WR/FLEX,3000,SF@SEA 11/01/2020 04:25PM ET,SF,1.5
WR,Dante Pettis (15677479),Dante Pettis,15677479,WR/FLEX,3000,SF@SEA 11/01/2020 04:25PM ET,SF,0
WR,Richie James (15677481),Richie James,15677481,WR/FLEX,3000,SF@SEA 11/01/2020 04:25PM ET,SF,0
WR,Jalen Hurd (15677483),Jalen Hurd,15677483,WR/FLEX,3000,SF@SEA 11/01/2020 04:25PM ET,SF,0
WR,Chris Thompson (15677485),Chris Thompson,15677485,WR/FLEX,3000,SF@SEA 11/01/2020 04:25PM ET,SF,0
WR,Tavon Austin (15677487),Tavon Austin,15677487,WR/FLEX,3000,SF@SEA 11/01/2020 04:25PM ET,SF,0
DST,Packers  (15677817),Packers ,15677817,DST,2900,MIN@GB 11/01/2020 01:00PM ET,GB,5
DST,Raiders  (15677818),Raiders ,15677818,DST,2900,LV@CLE 11/01/2020 01:00PM ET,LV,0.83
TE,Chris Herndon (15677677),Chris Herndon,15677677,TE/FLEX,2900,NYJ@KC 11/01/2020 01:00PM ET,NYJ,3.63
TE,Virgil Green (15677683),Virgil Green,15677683,TE/FLEX,2800,LAC@DEN 11/01/2020 04:05PM ET,LAC,2.33
TE,Albert Okwuegbunam (15677685),Albert Okwuegbunam,15677685,TE/FLEX,2800,LAC@DEN 11/01/2020 04:05PM ET,DEN,9.75
DST,Bears  (15677819),Bears ,15677819,DST,2800,NO@CHI 11/01/2020 04:25PM ET,CHI,7
TE,Ryan Griffin (15677681),Ryan Griffin,15677681,TE/FLEX,2800,NYJ@KC 11/01/2020 01:00PM ET,NYJ,1.54
TE,Will Dissly (15677679),Will Dissly,15677679,TE/FLEX,2800,SF@SEA 11/01/2020 04:25PM ET,SEA,4.23
DST,49ers  (15677820),49ers ,15677820,DST,2700,SF@SEA 11/01/2020 04:25PM ET,SF,6.71
DST,Browns  (15677821),Browns ,15677821,DST,2600,LV@CLE 11/01/2020 01:00PM ET,CLE,6.29
TE,Noah Togiai (15677797),Noah Togiai,15677797,TE/FLEX,2500,IND@DET 11/01/2020 01:00PM ET,IND,0
TE,Jesse James (15677799),Jesse James,15677799,TE/FLEX,2500,IND@DET 11/01/2020 01:00PM ET,DET,3.44
TE,Isaac Nauta (15677801),Isaac Nauta,15677801,TE/FLEX,2500,IND@DET 11/01/2020 01:00PM ET,DET,1.3
TE,Hunter Bryant (15677803),Hunter Bryant,15677803,TE/FLEX,2500,IND@DET 11/01/2020 01:00PM ET,DET,0
DST,Lions  (15677822),Lions ,15677822,DST,2500,IND@DET 11/01/2020 01:00PM ET,DET,2.5
TE,Nick Vannett (15677689),Nick Vannett,15677689,TE/FLEX,2500,LAC@DEN 11/01/2020 04:05PM ET,DEN,1.66
TE,Jake Butt (15677693),Jake Butt,15677693,TE/FLEX,2500,LAC@DEN 11/01/2020 04:05PM ET,DEN,0.62
TE,Stephen Anderson (15677791),Stephen Anderson,15677791,TE/FLEX,2500,LAC@DEN 11/01/2020 04:05PM ET,LAC,0
TE,Austin Fort (15677793),Austin Fort,15677793,TE/FLEX,2500,LAC@DEN 11/01/2020 04:05PM ET,DEN,0
TE,Andrew Beck (15677795),Andrew Beck,15677795,TE/FLEX,2500,LAC@DEN 11/01/2020 04:05PM ET,DEN,0
TE,Tyler Conklin (15677781),Tyler Conklin,15677781,TE/FLEX,2500,MIN@GB 11/01/2020 01:00PM ET,MIN,0
TE,Jace Sternberger (15677783),Jace Sternberger,15677783,TE/FLEX,2500,MIN@GB 11/01/2020 01:00PM ET,GB,2.78
TE,Marcedes Lewis (15677785),Marcedes Lewis,15677785,TE/FLEX,2500,MIN@GB 11/01/2020 01:00PM ET,GB,2.42
TE,Josiah Deguara (15677787),Josiah Deguara,15677787,TE/FLEX,2500,MIN@GB 11/01/2020 01:00PM ET,GB,1.1
TE,John Lovett (15677789),John Lovett,15677789,TE/FLEX,2500,MIN@GB 11/01/2020 01:00PM ET,GB,0
TE,Adam Trautman (15677765),Adam Trautman,15677765,TE/FLEX,2500,NO@CHI 11/01/2020 04:25PM ET,NO,1.28
TE,Josh Hill (15677767),Josh Hill,15677767,TE/FLEX,2500,NO@CHI 11/01/2020 04:25PM ET,NO,1.07
TE,Zach Wood (15677769),Zach Wood,15677769,TE/FLEX,2500,NO@CHI 11/01/2020 04:25PM ET,NO,0
TE,Cole Kmet (15677771),Cole Kmet,15677771,TE/FLEX,2500,NO@CHI 11/01/2020 04:25PM ET,CHI,2.67
TE,Demetrius Harris (15677773),Demetrius Harris,15677773,TE/FLEX,2500,NO@CHI 11/01/2020 04:25PM ET,CHI,1.64
TE,J.P. Holtz (15677775),J.P. Holtz,15677775,TE/FLEX,2500,NO@CHI 11/01/2020 04:25PM ET,CHI,0
TE,Darion Clark (15677777),Darion Clark,15677777,TE/FLEX,2500,NO@CHI 11/01/2020 04:25PM ET,CHI,0
TE,Patrick Scales (15677779),Patrick Scales,15677779,TE/FLEX,2500,NO@CHI 11/01/2020 04:25PM ET,CHI,0
TE,Vance McDonald (15677691),Vance McDonald,15677691,TE/FLEX,2500,PIT@BAL 11/01/2020 01:00PM ET,PIT,2.78
TE,Zach Gentry (15677763),Zach Gentry,15677763,TE/FLEX,2500,PIT@BAL 11/01/2020 01:00PM ET,PIT,0
TE,MyCole Pruitt (15677749),MyCole Pruitt,15677749,TE/FLEX,2500,TEN@CIN 11/01/2020 01:00PM ET,TEN,3.57
TE,Geoff Swaim (15677751),Geoff Swaim,15677751,TE/FLEX,2500,TEN@CIN 11/01/2020 01:00PM ET,TEN,1
TE,Beau Brinkley (15677753),Beau Brinkley,15677753,TE/FLEX,2500,TEN@CIN 11/01/2020 01:00PM ET,TEN,0
TE,Cethan Carter (15677755),Cethan Carter,15677755,TE/FLEX,2500,TEN@CIN 11/01/2020 01:00PM ET,CIN,0.75
TE,Mason Schreck (15677757),Mason Schreck,15677757,TE/FLEX,2500,TEN@CIN 11/01/2020 01:00PM ET,CIN,0
TE,C.J. Uzomah (15677759),C.J. Uzomah,15677759,TE/FLEX,2500,TEN@CIN 11/01/2020 01:00PM ET,CIN,11.35
TE,Clark Harris (15677761),Clark Harris,15677761,TE/FLEX,2500,TEN@CIN 11/01/2020 01:00PM ET,CIN,0
TE,Jason Witten (15677739),Jason Witten,15677739,TE/FLEX,2500,LV@CLE 11/01/2020 01:00PM ET,LV,2.75
TE,Foster Moreau (15677741),Foster Moreau,15677741,TE/FLEX,2500,LV@CLE 11/01/2020 01:00PM ET,LV,4.1
TE,Derek Carrier (15677743),Derek Carrier,15677743,TE/FLEX,2500,LV@CLE 11/01/2020 01:00PM ET,LV,0
TE,Nick O'Leary (15677745),Nick O'Leary,15677745,TE/FLEX,2500,LV@CLE 11/01/2020 01:00PM ET,LV,0
TE,Stephen Carlson (15677747),Stephen Carlson,15677747,TE/FLEX,2500,LV@CLE 11/01/2020 01:00PM ET,CLE,0.33
TE,Ryan Izzo (15677687),Ryan Izzo,15677687,TE/FLEX,2500,NE@BUF 11/01/2020 01:00PM ET,NE,2.5
TE,Dalton Keene (15677729),Dalton Keene,15677729,TE/FLEX,2500,NE@BUF 11/01/2020 01:00PM ET,NE,1.8
TE,Devin Asiasi (15677731),Devin Asiasi,15677731,TE/FLEX,2500,NE@BUF 11/01/2020 01:00PM ET,NE,0
TE,Lee Smith (15677733),Lee Smith,15677733,TE/FLEX,2500,NE@BUF 11/01/2020 01:00PM ET,BUF,7.1
TE,Tommy Sweeney (15677735),Tommy Sweeney,15677735,TE/FLEX,2500,NE@BUF 11/01/2020 01:00PM ET,BUF,0
TE,Reggie Gilliam (15677737),Reggie Gilliam,15677737,TE/FLEX,2500,NE@BUF 11/01/2020 01:00PM ET,BUF,1.92
TE,Trevon Wesco (15677717),Trevon Wesco,15677717,TE/FLEX,2500,NYJ@KC 11/01/2020 01:00PM ET,NYJ,0.25
TE,Daniel Brown (15677719),Daniel Brown,15677719,TE/FLEX,2500,NYJ@KC 11/01/2020 01:00PM ET,NYJ,0
TE,Nick Keizer (15677721),Nick Keizer,15677721,TE/FLEX,2500,NYJ@KC 11/01/2020 01:00PM ET,KC,0.97
TE,Deon Yelder (15677723),Deon Yelder,15677723,TE/FLEX,2500,NYJ@KC 11/01/2020 01:00PM ET,KC,0.75
TE,Ricky Seals-Jones (15677725),Ricky Seals-Jones,15677725,TE/FLEX,2500,NYJ@KC 11/01/2020 01:00PM ET,KC,0
TE,James Winchester (15677727),James Winchester,15677727,TE/FLEX,2500,NYJ@KC 11/01/2020 01:00PM ET,KC,0
TE,Durham Smythe (15677709),Durham Smythe,15677709,TE/FLEX,2500,LAR@MIA 11/01/2020 01:00PM ET,MIA,2.82
TE,Adam Shaheen (15677711),Adam Shaheen,15677711,TE/FLEX,2500,LAR@MIA 11/01/2020 01:00PM ET,MIA,3.8
TE,Johnny Mundt (15677713),Johnny Mundt,15677713,TE/FLEX,2500,LAR@MIA 11/01/2020 01:00PM ET,LAR,1.84
TE,Brycen Hopkins (15677715),Brycen Hopkins,15677715,TE/FLEX,2500,LAR@MIA 11/01/2020 01:00PM ET,LAR,0
TE,Jacob Hollister (15677695),Jacob Hollister,15677695,TE/FLEX,2500,SF@SEA 11/01/2020 04:25PM ET,SEA,4.05
TE,Luke Willson (15677697),Luke Willson,15677697,TE/FLEX,2500,SF@SEA 11/01/2020 04:25PM ET,SEA,0
TE,Colby Parkinson (15677699),Colby Parkinson,15677699,TE/FLEX,2500,SF@SEA 11/01/2020 04:25PM ET,SEA,0
TE,Tyler Ott (15677701),Tyler Ott,15677701,TE/FLEX,2500,SF@SEA 11/01/2020 04:25PM ET,SEA,0
TE,Ross Dwelley (15677703),Ross Dwelley,15677703,TE/FLEX,2500,SF@SEA 11/01/2020 04:25PM ET,SF,2.08
TE,Charlie Woerner (15677705),Charlie Woerner,15677705,TE/FLEX,2500,SF@SEA 11/01/2020 04:25PM ET,SF,0
TE,Jordan Reed (15677707),Jordan Reed,15677707,TE/FLEX,2500,SF@SEA 11/01/2020 04:25PM ET,SF,10.5
DST,Dolphins  (15677823),Dolphins ,15677823,DST,2400,LAR@MIA 11/01/2020 01:00PM ET,MIA,8
DST,Vikings  (15677824),Vikings ,15677824,DST,2200,MIN@GB 11/01/2020 01:00PM ET,MIN,2.33
DST,Bengals  (15677825),Bengals ,15677825,DST,2100,TEN@CIN 11/01/2020 01:00PM ET,CIN,2.57
DST,Jets  (15677826),Jets ,15677826,DST,2000,NYJ@KC 11/01/2020 01:00PM ET,NYJ,4.57
